"Datetime","count"
2022_04_10_16_51_01,0
2022_04_10_16_57_04,0
2022_04_10_16_59_05,0
2022_04_10_17_01_07,0
2022_04_10_17_05_08,0
2022_04_10_17_07_09,0
2022_04_10_17_09_10,0
2022_04_10_17_13_12,0
2022_04_10_17_15_13,0
2022_04_10_18_02_21,0
2022_04_10_18_06_22,0
2022_04_10_18_08_23,0
2022_04_10_18_10_24,0
2022_04_10_18_36_02,0
2022_04_10_18_38_03,0
2022_04_10_18_40_04,0
2022_04_10_18_42_05,0
2022_04_10_18_44_06,0
2022_04_10_18_46_06,0
2022_04_10_18_52_09,0
2022_04_10_18_54_10,0
2022_04_10_19_00_12,0
2022_04_10_19_02_13,0
2022_04_10_19_04_14,0
2022_04_10_19_06_14,0
2022_04_10_19_08_15,0
2022_04_10_19_10_16,0
2022_04_10_19_14_17,0
2022_04_10_19_18_19,0
2022_04_10_19_20_19,0
2022_04_10_19_22_20,0
2022_04_10_19_24_21,0
2022_04_10_19_28_22,0
2022_04_10_19_30_23,0
2022_04_10_19_32_24,0
2022_04_10_19_34_24,0
2022_04_10_19_36_26,0
2022_04_10_19_38_27,0
2022_04_10_19_40_28,0
2022_04_10_19_44_30,0
2022_04_10_19_46_30,0
2022_04_10_19_48_32,0
2022_04_10_19_52_34,0
2022_04_10_19_54_35,0
2022_04_10_19_58_37,0
2022_04_10_20_00_38,0
2022_04_10_20_02_38,0
2022_04_10_20_04_39,0
2022_04_10_20_06_40,0
2022_04_10_20_08_41,0
2022_04_10_20_10_41,0
2022_04_10_20_12_43,0
2022_04_10_20_14_43,0
2022_04_10_20_16_44,0
2022_04_10_20_20_46,0
2022_04_10_20_22_47,0
2022_04_10_20_26_49,0
2022_04_10_20_28_50,0
2022_04_10_20_30_50,0
2022_04_10_20_32_51,0
2022_04_10_20_36_52,0
2022_04_10_20_38_53,0
2022_04_10_20_42_56,0
2022_04_10_20_44_57,0
2022_04_10_20_46_58,0
2022_04_10_20_48_59,0
2022_04_10_20_51_00,0
2022_04_10_20_53_01,0
2022_04_10_20_57_03,0
2022_04_10_20_59_04,0
2022_04_10_21_03_06,0
2022_04_10_21_07_08,0
2022_04_10_21_13_11,0
2022_04_10_21_21_15,0
2022_04_10_21_23_16,0
2022_04_10_21_25_17,0
2022_04_10_21_27_18,0
2022_04_10_21_29_19,0
2022_04_10_21_35_22,0
2022_04_10_21_37_22,0
2022_04_10_21_39_23,1
2022_04_10_21_41_24,0
2022_04_10_21_43_25,0
2022_04_10_21_45_25,0
2022_04_10_21_47_26,0
2022_04_10_21_49_27,0
2022_04_10_21_51_28,0
2022_04_10_22_01_32,0
2022_04_10_22_05_34,0
2022_04_10_22_09_36,0
2022_04_10_22_11_36,0
2022_04_10_22_13_37,0
2022_04_10_22_15_38,0
2022_04_10_22_17_39,0
2022_04_10_22_19_40,0
2022_04_10_22_25_43,0
2022_04_10_22_27_44,0
2022_04_10_22_31_46,0
2022_04_10_22_33_46,0
2022_04_10_22_35_47,0
2022_04_10_22_37_48,0
2022_04_10_22_39_49,0
2022_04_10_22_41_50,0
2022_04_10_22_45_52,0
2022_04_10_22_47_53,0
2022_04_10_22_49_53,2
2022_04_10_22_51_54,0
2022_04_10_22_53_55,0
2022_04_10_22_55_57,1
2022_04_10_22_57_57,0
2022_04_10_22_59_59,0
2022_04_10_23_02_00,0
2022_04_10_23_06_02,0
2022_04_10_23_08_03,1
2022_04_10_23_12_05,0
2022_04_10_23_16_06,0
2022_04_10_23_24_10,0
2022_04_10_23_26_11,1
2022_04_10_23_28_13,1
2022_04_10_23_30_13,1
2022_04_10_23_32_14,0
2022_04_10_23_34_15,0
2022_04_10_23_36_16,1
2022_04_10_23_38_17,0
2022_04_10_23_40_18,0
2022_04_10_23_46_20,1
2022_04_10_23_50_22,0
2022_04_10_23_56_25,0
2022_04_11_00_04_27,1
2022_04_11_00_06_28,1
2022_04_11_00_10_30,2
2022_04_11_00_12_30,1
2022_04_11_00_16_32,0
2022_04_11_00_18_32,0
2022_04_11_00_20_33,0
2022_04_11_00_22_34,1
2022_04_11_00_24_35,0
2022_04_11_00_28_37,0
2022_04_11_00_30_38,0
2022_04_11_00_32_38,0
2022_04_11_00_34_39,1
2022_04_11_00_36_40,0
2022_04_11_00_40_42,0
2022_04_11_00_42_42,1
2022_04_11_00_46_44,0
2022_04_11_00_48_44,0
2022_04_11_00_50_45,0
2022_04_11_00_52_46,0
2022_04_11_00_56_47,0
2022_04_11_00_58_48,0
2022_04_11_01_02_50,1
2022_04_11_01_06_51,0
2022_04_11_01_08_52,0
2022_04_11_01_10_52,0
2022_04_11_01_12_53,1
2022_04_11_01_14_54,0
2022_04_11_01_16_55,0
2022_04_11_01_18_56,0
2022_04_11_01_20_57,1
2022_04_11_01_22_59,0
2022_04_11_01_24_59,1
2022_04_11_01_27_00,0
2022_04_11_01_31_01,0
2022_04_11_01_37_04,1
2022_04_11_01_39_04,0
2022_04_11_01_41_05,1
2022_04_11_01_43_06,2
2022_04_11_01_47_08,0
2022_04_11_01_49_09,0
2022_04_11_01_51_10,1
2022_04_11_01_55_11,0
2022_04_11_01_57_12,0
2022_04_11_01_59_13,0
2022_04_11_02_05_15,0
2022_04_11_02_07_16,0
2022_04_11_02_09_16,2
2022_04_11_02_11_17,0
2022_04_11_02_15_19,0
2022_04_11_02_17_20,0
2022_04_11_02_21_22,0
2022_04_11_02_23_23,0
2022_04_11_02_27_25,1
2022_04_11_02_29_25,0
2022_04_11_02_33_27,1
2022_04_11_02_35_27,0
2022_04_11_02_39_30,0
2022_04_11_02_43_32,0
2022_04_11_02_47_33,0
2022_04_11_02_49_34,0
2022_04_11_02_53_36,0
2022_04_11_02_55_36,1
2022_04_11_02_57_37,0
2022_04_11_03_03_39,0
2022_04_11_03_05_40,1
2022_04_11_03_09_42,0
2022_04_11_03_11_42,1
2022_04_11_03_13_43,0
2022_04_11_03_15_44,0
2022_04_11_03_19_45,0
2022_04_11_03_21_46,1
2022_04_11_03_23_47,0
2022_04_11_03_25_47,1
2022_04_11_03_29_49,0
2022_04_11_03_31_50,2
2022_04_11_03_33_51,0
2022_04_11_03_35_51,0
2022_04_11_03_37_52,0
2022_04_11_03_39_53,0
2022_04_11_03_41_54,0
2022_04_11_03_43_55,0
2022_04_11_03_45_55,1
2022_04_11_03_47_56,0
2022_04_11_03_49_57,0
2022_04_11_03_51_58,0
2022_04_11_03_53_58,0
2022_04_11_03_55_59,1
2022_04_11_03_58_00,0
2022_04_11_04_00_01,1
2022_04_11_04_04_03,2
2022_04_11_04_06_04,1
2022_04_11_04_08_05,0
2022_04_11_04_10_06,0
2022_04_11_04_14_08,0
2022_04_11_04_16_08,0
2022_04_11_04_18_09,1
2022_04_11_04_20_10,0
2022_04_11_04_22_11,0
2022_04_11_04_24_12,2
2022_04_11_04_26_13,0
2022_04_11_04_28_13,0
2022_04_11_04_30_15,0
2022_04_11_04_34_17,0
2022_04_11_04_36_17,2
2022_04_11_04_38_18,0
2022_04_11_04_40_19,0
2022_04_11_04_42_19,1
2022_04_11_04_44_20,0
2022_04_11_04_48_22,1
2022_04_11_04_50_23,0
2022_04_11_04_54_25,0
2022_04_11_04_56_26,0
2022_04_11_05_00_29,0
2022_04_11_05_02_30,0
2022_04_11_05_04_31,0
2022_04_11_05_06_31,0
2022_04_11_05_08_32,0
2022_04_11_05_10_33,0
2022_04_11_05_14_35,0
2022_04_11_05_16_35,0
2022_04_11_05_18_37,0
2022_04_11_05_22_38,1
2022_04_11_05_26_39,1
2022_04_11_05_34_43,0
2022_04_11_05_38_44,0
2022_04_11_05_40_45,1
2022_04_11_05_42_46,0
2022_04_11_05_44_47,1
2022_04_11_05_46_48,0
2022_04_11_05_48_50,0
2022_04_11_05_50_50,0
2022_04_11_05_52_51,0
2022_04_11_05_54_52,1
2022_04_11_05_58_54,0
2022_04_11_06_00_55,0
2022_04_11_06_02_56,0
2022_04_11_06_04_57,0
2022_04_11_06_06_58,0
2022_04_11_06_11_00,0
2022_04_11_06_13_01,0
2022_04_11_06_15_02,0
2022_04_11_06_17_03,0
2022_04_11_06_19_04,0
2022_04_11_06_21_05,0
2022_04_11_06_23_06,0
2022_04_11_06_25_06,0
2022_04_11_06_31_09,0
2022_04_11_06_37_11,0
2022_04_11_06_39_12,1
2022_04_11_06_41_14,0
2022_04_11_06_43_15,0
2022_04_11_06_45_16,1
2022_04_11_06_47_17,0
2022_04_11_06_49_18,0
2022_04_11_06_51_19,0
2022_04_11_06_55_21,0
2022_04_11_06_57_22,0
2022_04_11_06_59_23,1
2022_04_11_07_01_23,0
2022_04_11_07_03_24,1
2022_04_11_07_05_25,0
2022_04_11_07_07_26,0
2022_04_11_07_11_27,0
2022_04_11_07_15_28,1
2022_04_11_07_19_30,0
2022_04_11_07_21_30,0
2022_04_11_07_23_31,0
2022_04_11_07_25_32,1
2022_04_11_07_27_33,0
2022_04_11_07_29_34,0
2022_04_11_07_31_34,0
2022_04_11_07_33_35,1
2022_04_11_07_35_36,0
2022_04_11_07_37_36,1
2022_04_11_07_39_37,0
2022_04_11_07_41_38,0
2022_04_11_07_53_57,0
2022_04_11_07_55_58,0
2022_04_11_08_00_00,0
2022_04_11_08_02_01,0
2022_04_11_08_04_02,0
2022_04_11_08_06_04,0
2022_04_11_08_08_04,0
2022_04_11_08_12_06,0
2022_04_11_08_14_07,0
2022_04_11_08_16_08,0
2022_04_11_08_18_09,0
2022_04_11_08_20_11,0
2022_04_11_08_22_12,1
2022_04_11_08_24_13,0
2022_04_11_08_26_13,0
2022_04_11_08_28_14,1
2022_04_11_08_30_15,0
2022_04_11_08_32_16,0
2022_04_11_08_34_17,0
2022_04_11_08_36_18,0
2022_04_11_08_44_21,0
2022_04_11_08_46_22,0
2022_04_11_08_48_23,0
2022_04_11_08_50_24,0
2022_04_11_08_52_25,0
2022_04_11_08_56_26,0
2022_04_11_09_00_29,0
2022_04_11_09_02_30,0
2022_04_11_09_04_30,0
2022_04_11_09_06_31,0
2022_04_11_09_08_32,0
2022_04_11_09_10_33,0
2022_04_11_09_14_34,0
2022_04_11_09_16_35,0
2022_04_11_09_18_36,0
2022_04_11_09_22_38,0
2022_04_11_09_24_39,1
2022_04_11_09_26_40,0
2022_04_11_09_30_42,0
2022_04_11_09_36_44,0
2022_04_11_09_44_47,0
2022_04_11_09_46_48,1
2022_04_11_09_48_49,0
2022_04_11_09_50_50,0
2022_04_11_09_54_52,0
2022_04_11_09_56_52,0
2022_04_11_09_58_53,0
2022_04_11_10_02_56,0
2022_04_11_10_04_57,0
2022_04_11_10_06_58,0
2022_04_11_10_08_58,0
2022_04_11_10_11_00,0
2022_04_11_10_19_03,0
2022_04_11_10_21_04,0
2022_04_11_10_23_05,0
2022_04_11_10_27_07,0
2022_04_11_10_29_07,1
2022_04_11_10_31_08,0
2022_04_11_10_33_09,0
2022_04_11_10_35_09,0
2022_04_11_10_37_10,0
2022_04_11_10_39_11,0
2022_04_11_10_41_11,0
2022_04_11_10_45_13,0
2022_04_11_10_47_14,1
2022_04_11_10_53_16,0
2022_04_11_11_03_20,0
2022_04_11_11_05_21,0
2022_04_11_11_07_22,0
2022_04_11_11_09_23,0
2022_04_11_11_11_24,0
2022_04_11_11_13_24,0
2022_04_11_11_17_26,0
2022_04_11_11_19_27,1
2022_04_11_11_21_29,0
2022_04_11_11_25_30,0
2022_04_11_11_27_31,0
2022_04_11_11_29_32,0
2022_04_11_11_31_32,0
2022_04_11_11_35_34,0
2022_04_11_11_37_35,0
2022_04_11_11_39_36,0
2022_04_11_11_41_37,0
2022_04_11_11_43_39,0
2022_04_11_11_45_40,0
2022_04_11_11_47_41,2
2022_04_11_11_49_42,0
2022_04_11_11_51_43,0
2022_04_11_11_53_44,0
2022_04_11_11_57_46,0
2022_04_11_12_03_49,0
2022_04_11_12_07_51,1
2022_04_11_12_09_52,0
2022_04_11_12_11_53,0
2022_04_11_12_15_54,0
2022_04_11_12_17_55,0
2022_04_11_12_21_56,0
2022_04_11_12_23_57,0
2022_04_11_12_25_58,0
2022_04_11_12_29_59,0
2022_04_11_12_32_00,1
2022_04_11_12_34_01,0
2022_04_11_12_36_02,0
2022_04_11_12_38_02,0
2022_04_11_12_40_03,0
2022_04_11_12_42_04,0
2022_04_11_12_44_05,0
2022_04_11_12_46_06,0
2022_04_11_12_48_07,0
2022_04_11_12_52_09,0
2022_04_11_12_54_10,0
2022_04_11_12_56_10,0
2022_04_11_12_58_12,0
2022_04_11_13_04_15,0
2022_04_11_13_06_16,0
2022_04_11_13_10_17,0
2022_04_11_13_14_19,0
2022_04_11_13_18_21,0
2022_04_11_13_20_22,0
2022_04_11_13_22_23,0
2022_04_11_13_24_24,0
2022_04_11_13_30_25,0
2022_04_11_13_32_26,1
2022_04_11_13_36_28,0
2022_04_11_13_38_29,0
2022_04_11_13_42_30,0
2022_04_11_13_44_31,0
2022_04_11_13_48_33,0
2022_04_11_13_50_34,0
2022_04_11_13_52_35,0
2022_04_11_13_54_36,1
2022_04_11_13_56_37,0
2022_04_11_13_58_38,0
2022_04_11_14_02_39,0
2022_04_11_14_04_40,0
2022_04_11_14_06_41,0
2022_04_11_14_12_44,0
2022_04_11_14_14_45,0
2022_04_11_14_18_46,0
2022_04_11_14_20_47,0
2022_04_11_14_22_47,0
2022_04_11_14_24_48,1
2022_04_11_14_30_50,0
2022_04_11_14_32_51,0
2022_04_11_14_34_52,0
2022_04_11_14_38_54,0
2022_04_11_14_40_55,0
2022_04_11_14_42_55,0
2022_04_11_14_44_56,0
2022_04_11_14_46_57,0
2022_04_11_14_48_58,0
2022_04_11_14_50_59,0
2022_04_11_14_53_00,0
2022_04_11_14_57_02,0
2022_04_11_15_01_04,1
2022_04_11_15_07_07,0
2022_04_11_15_09_08,0
2022_04_11_15_11_08,0
2022_04_11_15_15_10,0
2022_04_11_15_19_12,0
2022_04_11_15_21_13,0
2022_04_11_15_23_15,0
2022_04_11_15_27_17,0
2022_04_11_15_29_18,0
2022_04_11_15_31_19,0
2022_04_11_15_33_20,1
2022_04_11_15_35_21,0
2022_04_11_15_37_22,0
2022_04_11_15_43_24,0
2022_04_11_15_45_26,0
2022_04_11_15_49_27,0
2022_04_11_15_51_28,0
2022_04_11_15_55_30,0
2022_04_11_15_57_31,0
2022_04_11_16_05_35,0
2022_04_11_16_09_36,0
2022_04_11_16_11_38,0
2022_04_11_16_13_38,0
2022_04_11_16_17_40,0
2022_04_11_16_19_41,0
2022_04_11_16_21_42,1
2022_04_11_16_23_43,0
2022_04_11_16_31_48,0
2022_04_11_16_33_49,0
2022_04_11_16_35_50,0
2022_04_11_16_37_51,0
2022_04_11_16_39_52,0
2022_04_11_16_41_53,0
2022_04_11_16_43_53,0
2022_04_11_16_45_54,0
2022_04_11_16_47_55,0
2022_04_11_16_49_56,0
2022_04_11_16_51_57,0
2022_04_11_16_53_58,0
2022_04_11_16_55_59,0
2022_04_11_16_58_00,0
2022_04_11_17_00_02,0
2022_04_11_17_02_02,0
2022_04_11_17_04_03,0
2022_04_11_17_06_04,0
2022_04_11_17_10_05,0
2022_04_11_17_12_06,0
2022_04_11_17_14_07,0
2022_04_11_17_18_09,0
2022_04_11_17_20_10,0
2022_04_11_17_22_11,0
2022_04_11_17_28_14,0
2022_04_11_17_30_15,0
2022_04_11_17_32_16,0
2022_04_11_17_36_18,0
2022_04_11_17_38_18,0
2022_04_11_17_40_19,0
2022_04_11_17_48_23,0
2022_04_11_17_52_25,0
2022_04_11_17_56_27,0
2022_04_11_17_58_28,0
2022_04_11_18_02_29,0
2022_04_11_18_04_30,0
2022_04_11_18_06_31,0
2022_04_11_18_08_31,0
2022_04_11_18_10_33,0
2022_04_11_18_16_35,1
2022_04_11_18_18_36,0
2022_04_11_18_22_37,0
2022_04_11_18_26_39,0
2022_04_11_18_28_40,0
2022_04_11_18_30_41,0
2022_04_11_18_32_42,0
2022_04_11_18_36_44,0
2022_04_11_18_40_46,0
2022_04_11_18_42_47,0
2022_04_11_18_44_48,0
2022_04_11_18_48_51,0
2022_04_11_18_50_52,0
2022_04_11_18_52_53,0
2022_04_11_18_54_53,0
2022_04_11_18_56_54,0
2022_04_11_18_58_55,0
2022_04_11_19_02_57,0
2022_04_11_19_04_58,0
2022_04_11_19_06_58,0
2022_04_11_19_08_59,0
2022_04_11_19_11_00,0
2022_04_11_19_13_00,0
2022_04_11_19_15_01,0
2022_04_11_19_17_02,0
2022_04_11_19_19_04,0
2022_04_11_19_21_04,0
2022_04_11_19_23_05,0
2022_04_11_19_25_06,0
2022_04_11_19_27_08,0
2022_04_11_19_29_08,0
2022_04_11_19_33_10,0
2022_04_11_19_39_12,0
2022_04_11_19_41_13,0
2022_04_11_19_45_14,0
2022_04_11_19_51_16,0
2022_04_11_19_55_18,0
2022_04_11_19_57_19,0
2022_04_11_20_01_21,0
2022_04_11_20_05_22,0
2022_04_11_20_09_24,0
2022_04_11_20_11_25,0
2022_04_11_20_19_30,0
2022_04_11_20_21_31,0
2022_04_11_20_23_31,0
2022_04_11_20_25_32,0
2022_04_11_20_29_35,0
2022_04_11_20_31_36,0
2022_04_11_20_35_39,0
2022_04_11_20_39_40,0
2022_04_11_20_41_41,0
2022_04_11_20_43_43,0
2022_04_11_20_45_43,0
2022_04_11_20_47_45,0
2022_04_11_20_49_46,0
2022_04_11_20_53_48,0
2022_04_11_20_55_49,0
2022_04_11_20_57_50,0
2022_04_11_20_59_51,0
2022_04_11_21_01_52,0
2022_04_11_21_03_53,0
2022_04_11_21_05_54,0
2022_04_11_21_07_55,0
2022_04_11_21_09_56,0
2022_04_11_21_15_58,0
2022_04_11_21_17_59,0
2022_04_11_21_22_02,0
2022_04_11_21_24_03,0
2022_04_11_21_26_04,0
2022_04_11_21_28_05,0
2022_04_11_21_32_07,0
2022_04_11_21_34_08,0
2022_04_11_21_36_08,0
2022_04_11_21_38_09,0
2022_04_11_21_40_10,0
2022_04_11_21_42_11,0
2022_04_11_21_48_14,0
2022_04_11_21_50_15,0
2022_04_11_21_52_16,0
2022_04_11_21_54_17,0
2022_04_11_21_56_18,0
2022_04_11_21_58_18,0
2022_04_11_22_00_19,0
2022_04_11_22_04_21,0
2022_04_11_22_06_22,0
2022_04_11_22_10_24,0
2022_04_11_22_14_25,0
2022_04_11_22_16_26,0
2022_04_11_22_20_27,0
2022_04_11_22_24_30,0
2022_04_11_22_26_30,0
2022_04_11_22_30_32,0
2022_04_11_22_32_33,0
2022_04_11_22_36_35,0
2022_04_11_22_40_37,0
2022_04_11_22_42_38,0
2022_04_11_22_48_41,0
2022_04_11_22_50_41,0
2022_04_11_22_54_43,0
2022_04_11_22_56_44,0
2022_04_11_23_00_47,0
2022_04_11_23_02_47,0
2022_04_11_23_04_48,0
2022_04_11_23_06_50,0
2022_04_11_23_10_52,0
2022_04_11_23_12_53,0
2022_04_11_23_16_54,0
2022_04_11_23_18_55,0
2022_04_11_23_20_55,1
2022_04_11_23_24_57,2
2022_04_11_23_28_58,0
2022_04_11_23_30_59,0
2022_04_11_23_33_00,0
2022_04_11_23_37_01,0
2022_04_11_23_41_02,0
2022_04_11_23_45_04,2
2022_04_11_23_47_05,0
2022_04_11_23_49_05,0
2022_04_11_23_53_07,0
2022_04_11_23_55_07,0
2022_04_11_23_59_09,0
2022_04_12_00_01_10,1
2022_04_12_00_03_10,0
2022_04_12_00_05_11,1
2022_04_12_00_07_12,0
2022_04_12_00_11_13,0
2022_04_12_00_13_14,0
2022_04_12_00_17_15,0
2022_04_12_00_21_17,0
2022_04_12_00_25_18,1
2022_04_12_00_27_19,1
2022_04_12_00_33_21,0
2022_04_12_00_37_22,0
2022_04_12_00_39_23,1
2022_04_12_00_45_25,0
2022_04_12_00_49_26,0
2022_04_12_00_53_28,0
2022_04_12_00_55_28,0
2022_04_12_01_05_32,0
2022_04_12_01_07_33,0
2022_04_12_01_11_34,0
2022_04_12_01_13_35,0
2022_04_12_01_15_36,0
2022_04_12_01_19_37,0
2022_04_12_01_21_38,0
2022_04_12_01_25_39,0
2022_04_12_01_29_41,0
2022_04_12_01_33_42,1
2022_04_12_01_35_43,0
2022_04_12_01_37_47,0
2022_04_12_01_39_48,1
2022_04_12_01_41_49,0
2022_04_12_01_43_49,2
2022_04_12_01_45_50,1
2022_04_12_01_53_53,0
2022_04_12_01_55_54,0
2022_04_12_01_57_55,0
2022_04_12_02_01_56,0
2022_04_12_02_03_57,2
2022_04_12_02_05_57,0
2022_04_12_02_07_58,0
2022_04_12_02_09_59,0
2022_04_12_02_12_00,0
2022_04_12_02_14_00,0
2022_04_12_02_20_02,1
2022_04_12_02_22_05,0
2022_04_12_02_26_06,0
2022_04_12_02_28_07,0
2022_04_12_02_30_08,1
2022_04_12_02_32_09,0
2022_04_12_02_38_11,0
2022_04_12_02_40_11,0
2022_04_12_02_42_12,1
2022_04_12_02_46_14,0
2022_04_12_02_48_14,0
2022_04_12_02_50_15,0
2022_04_12_02_52_16,0
2022_04_12_02_54_17,0
2022_04_12_02_56_17,1
2022_04_12_02_58_18,0
2022_04_12_03_00_19,1
2022_04_12_03_02_20,0
2022_04_12_03_06_21,0
2022_04_12_03_08_22,1
2022_04_12_03_10_23,1
2022_04_12_03_14_24,1
2022_04_12_03_16_25,0
2022_04_12_03_20_26,2
2022_04_12_03_22_27,0
2022_04_12_03_24_28,1
2022_04_12_03_26_28,0
2022_04_12_03_28_29,1
2022_04_12_03_30_30,0
2022_04_12_03_32_31,1
2022_04_12_03_34_31,0
2022_04_12_03_40_34,2
2022_04_12_03_42_34,0
2022_04_12_03_44_35,0
2022_04_12_03_48_37,0
2022_04_12_03_52_38,2
2022_04_12_03_54_39,1
2022_04_12_03_56_40,0
2022_04_12_03_58_40,1
2022_04_12_04_00_41,0
2022_04_12_04_02_42,0
2022_04_12_04_04_43,0
2022_04_12_04_08_44,0
2022_04_12_04_10_45,0
2022_04_12_04_12_46,0
2022_04_12_04_14_47,0
2022_04_12_04_22_49,0
2022_04_12_04_24_50,0
2022_04_12_04_30_52,1
2022_04_12_04_32_53,0
2022_04_12_04_34_54,0
2022_04_12_04_36_55,0
2022_04_12_04_38_55,1
2022_04_12_04_40_56,0
2022_04_12_04_44_57,0
2022_04_12_04_46_58,0
2022_04_12_04_51_00,2
2022_04_12_04_53_00,0
2022_04_12_04_57_02,0
2022_04_12_04_59_02,0
2022_04_12_05_01_03,0
2022_04_12_05_03_04,0
2022_04_12_05_07_05,0
2022_04_12_05_15_08,0
2022_04_12_05_17_09,0
2022_04_12_05_21_10,0
2022_04_12_05_23_11,0
2022_04_12_05_27_13,0
2022_04_12_05_31_14,0
2022_04_12_05_33_15,0
2022_04_12_05_35_15,0
2022_04_12_05_37_16,0
2022_04_12_05_39_17,0
2022_04_12_05_41_18,0
2022_04_12_05_43_18,0
2022_04_12_05_45_19,0
2022_04_12_05_47_20,0
2022_04_12_05_49_27,0
2022_04_12_05_51_29,0
2022_04_12_05_53_30,0
2022_04_12_05_55_31,1
2022_04_12_05_57_31,1
2022_04_12_06_01_33,1
2022_04_12_06_05_35,0
2022_04_12_06_11_37,0
2022_04_12_06_13_37,1
2022_04_12_06_15_38,0
2022_04_12_06_17_39,0
2022_04_12_06_19_39,0
2022_04_12_06_21_40,0
2022_04_12_06_25_42,0
2022_04_12_06_29_43,1
2022_04_12_06_31_44,0
2022_04_12_06_33_44,0
2022_04_12_06_37_46,0
2022_04_12_06_39_47,0
2022_04_12_06_41_47,1
2022_04_12_06_47_49,0
2022_04_12_06_49_50,0
2022_04_12_06_51_51,0
2022_04_12_06_53_52,0
2022_04_12_06_57_53,0
2022_04_12_06_59_54,0
2022_04_12_07_01_55,0
2022_04_12_07_03_55,0
2022_04_12_07_05_56,0
2022_04_12_07_07_57,0
2022_04_12_07_09_57,0
2022_04_12_07_13_59,0
2022_04_12_07_16_00,1
2022_04_12_07_18_00,0
2022_04_12_07_22_02,1
2022_04_12_07_24_03,0
2022_04_12_07_26_03,0
2022_04_12_07_28_04,0
2022_04_12_07_30_05,0
2022_04_12_07_34_15,0
2022_04_12_07_36_16,0
2022_04_12_07_40_17,1
2022_04_12_07_42_18,1
2022_04_12_07_44_19,1
2022_04_12_07_46_19,0
2022_04_12_07_48_20,0
2022_04_12_07_50_21,0
2022_04_12_07_52_21,0
2022_04_12_07_54_22,0
2022_04_12_07_58_24,0
2022_04_12_08_00_24,0
2022_04_12_08_06_26,0
2022_04_12_08_08_27,0
2022_04_12_08_10_28,0
2022_04_12_08_14_29,0
2022_04_12_08_16_30,0
2022_04_12_08_18_31,0
2022_04_12_08_20_31,1
2022_04_12_08_24_33,0
2022_04_12_08_26_34,0
2022_04_12_08_28_34,0
2022_04_12_08_30_35,0
2022_04_12_08_34_37,1
2022_04_12_08_36_37,0
2022_04_12_08_38_38,0
2022_04_12_08_40_39,1
2022_04_12_08_50_42,0
2022_04_12_08_52_43,0
2022_04_12_08_56_44,0
2022_04_12_09_02_47,0
2022_04_12_09_06_48,0
2022_04_12_09_08_49,0
2022_04_12_09_12_50,1
2022_04_12_09_16_52,0
2022_04_12_09_18_53,0
2022_04_12_09_20_53,0
2022_04_12_09_24_55,1
2022_04_12_09_28_56,0
2022_04_12_09_30_57,0
2022_04_12_09_34_58,0
2022_04_12_09_36_59,0
2022_04_12_09_39_00,0
2022_04_12_09_41_00,0
2022_04_12_09_43_01,0
2022_04_12_09_45_02,0
2022_04_12_09_47_03,0
2022_04_12_09_51_04,1
2022_04_12_09_53_05,1
2022_04_12_09_57_06,0
2022_04_12_10_01_08,1
2022_04_12_10_03_08,0
2022_04_12_10_07_10,0
2022_04_12_10_09_11,0
2022_04_12_10_11_11,0
2022_04_12_10_15_13,0
2022_04_12_10_17_14,0
2022_04_12_10_19_14,0
2022_04_12_10_21_15,0
2022_04_12_10_23_16,0
2022_04_12_10_25_17,0
2022_04_12_10_27_17,0
2022_04_12_10_29_18,0
2022_04_12_10_35_20,0
2022_04_12_10_37_21,0
2022_04_12_10_39_21,0
2022_04_12_10_43_23,0
2022_04_12_10_45_24,0
2022_04_12_10_47_24,0
2022_04_12_10_49_25,0
2022_04_12_10_51_26,0
2022_04_12_10_57_28,0
2022_04_12_10_59_29,0
2022_04_12_11_01_30,0
2022_04_12_11_05_31,0
2022_04_12_11_07_32,0
2022_04_12_11_11_33,0
2022_04_12_11_13_34,0
2022_04_12_11_17_35,0
2022_04_12_11_19_36,2
2022_04_12_11_23_38,0
2022_04_12_11_25_38,0
2022_04_12_11_29_40,0
2022_04_12_11_33_41,0
2022_04_12_11_35_42,1
2022_04_12_11_37_43,0
2022_04_12_11_39_43,0
2022_04_12_11_45_45,0
2022_04_12_11_49_47,0
2022_04_12_11_55_49,0
2022_04_12_11_57_51,0
2022_04_12_12_01_58,1
2022_04_12_12_03_58,0
2022_04_12_12_05_59,0
2022_04_12_12_08_00,0
2022_04_12_12_10_01,0
2022_04_12_12_14_02,2
2022_04_12_12_16_03,0
2022_04_12_12_18_04,0
2022_04_12_12_20_05,0
2022_04_12_12_22_05,0
2022_04_12_12_24_06,0
2022_04_12_12_26_07,0
2022_04_12_12_28_07,0
2022_04_12_12_30_08,0
2022_04_12_12_32_09,0
2022_04_12_12_34_10,0
2022_04_12_12_38_11,0
2022_04_12_12_42_12,1
2022_04_12_12_44_13,0
2022_04_12_12_46_14,0
2022_04_12_12_52_16,0
2022_04_12_12_54_17,0
2022_04_12_12_56_18,0
2022_04_12_13_00_19,0
2022_04_12_13_02_20,0
2022_04_12_13_04_21,0
2022_04_12_13_06_22,0
2022_04_12_13_08_22,0
2022_04_12_13_10_23,0
2022_04_12_13_12_24,0
2022_04_12_13_14_25,0
2022_04_12_13_18_27,0
2022_04_12_13_20_27,0
2022_04_12_13_44_26,0
2022_04_12_13_46_26,0
2022_04_12_13_48_27,0
2022_04_12_13_52_28,0
2022_04_12_13_54_29,0
2022_04_12_13_56_30,0
2022_04_12_13_59_42,0
2022_04_12_14_01_54,0
2022_04_12_14_05_55,0
2022_04_12_14_07_56,0
2022_04_12_14_09_57,0
2022_04_12_14_11_58,0
2022_04_12_14_18_00,0
2022_04_12_14_20_01,0
2022_04_12_14_22_01,0
2022_04_12_14_26_03,0
2022_04_12_14_28_04,0
2022_04_12_14_30_04,0
2022_04_12_14_32_05,0
2022_04_12_14_34_06,0
2022_04_12_14_38_07,0
2022_04_12_14_40_08,0
2022_04_12_14_42_09,0
2022_04_12_14_44_09,0
2022_04_12_14_48_13,0
2022_04_12_14_50_13,0
2022_04_12_14_52_14,0
2022_04_12_14_54_15,0
2022_04_12_15_00_17,0
2022_04_12_15_04_19,0
2022_04_12_15_06_19,0
2022_04_12_15_08_20,0
2022_04_12_15_10_21,0
2022_04_12_15_12_21,0
2022_04_12_15_16_23,0
2022_04_12_15_18_24,0
2022_04_12_15_20_24,0
2022_04_12_15_22_25,0
2022_04_12_15_26_27,0
2022_04_12_15_28_27,0
2022_04_12_15_30_28,0
2022_04_12_15_32_29,0
2022_04_12_15_34_30,0
2022_04_12_15_40_32,0
2022_04_12_15_42_33,0
2022_04_12_15_44_33,0
2022_04_12_15_46_34,0
2022_04_12_15_54_37,0
2022_04_12_15_56_38,0
2022_04_12_15_58_38,0
2022_04_12_16_00_39,0
2022_04_12_16_02_40,0
2022_04_12_16_12_44,0
2022_04_12_16_14_45,0
2022_04_12_16_16_45,0
2022_04_12_16_18_46,0
2022_04_12_16_20_47,0
2022_04_12_16_22_47,0
2022_04_12_16_24_48,0
2022_04_12_16_28_50,0
2022_04_12_16_30_50,0
2022_04_12_16_36_53,0
2022_04_12_16_38_53,0
2022_04_12_16_40_54,0
2022_04_12_16_52_58,0
2022_04_12_16_57_00,0
2022_04_12_17_01_01,0
2022_04_12_17_03_02,0
2022_04_12_17_09_05,0
2022_04_12_17_11_06,0
2022_04_12_17_13_07,0
2022_04_12_17_17_08,0
2022_04_12_17_23_10,0
2022_04_12_17_25_11,0
2022_04_12_17_27_12,0
2022_04_12_17_29_12,0
2022_04_12_17_31_13,0
2022_04_12_17_35_15,0
2022_04_12_17_37_16,0
2022_04_12_17_41_17,0
2022_04_12_17_43_18,0
2022_04_12_17_45_19,0
2022_04_12_17_49_20,0
2022_04_12_17_51_21,0
2022_04_12_17_57_23,0
2022_04_12_17_59_24,0
2022_04_12_18_01_24,0
2022_04_12_18_03_25,0
2022_04_12_18_05_26,0
2022_04_12_18_07_27,0
2022_04_12_18_09_27,0
2022_04_12_18_15_30,0
2022_04_12_18_17_31,0
2022_04_12_18_19_31,1
2022_04_12_18_21_32,0
2022_04_12_18_23_33,0
2022_04_12_18_31_36,0
2022_04_12_18_39_05,0
2022_04_12_18_41_06,0
2022_04_12_18_45_08,0
2022_04_12_18_47_08,0
2022_04_12_18_49_09,0
2022_04_12_18_51_10,0
2022_04_12_18_53_10,0
2022_04_12_18_55_11,0
2022_04_12_18_57_12,0
2022_04_12_19_01_13,0
2022_04_12_19_03_14,0
2022_04_12_19_05_15,0
2022_04_12_19_07_16,0
2022_04_12_19_11_17,0
2022_04_12_19_15_19,0
2022_04_12_19_17_19,0
2022_04_12_19_19_20,0
2022_04_12_19_23_22,0
2022_04_12_19_25_22,0
2022_04_12_19_27_23,0
2022_04_12_19_29_24,1
2022_04_12_19_41_29,0
2022_04_12_19_43_30,0
2022_04_12_19_45_31,0
2022_04_12_19_47_31,0
2022_04_12_19_49_32,0
2022_04_12_19_51_33,0
2022_04_12_19_53_34,0
2022_04_12_19_55_34,0
2022_04_12_19_59_36,0
2022_04_12_20_05_38,0
2022_04_12_20_07_39,0
2022_04_12_20_09_39,0
2022_04_12_20_11_40,0
2022_04_12_20_13_41,0
2022_04_12_20_15_41,0
2022_04_12_20_17_42,0
2022_04_12_20_21_44,0
2022_04_12_20_23_45,0
2022_04_12_20_25_45,1
2022_04_12_20_27_46,0
2022_04_12_20_29_47,0
2022_04_12_20_33_48,0
2022_04_12_20_37_50,0
2022_04_12_20_41_51,0
2022_04_12_20_45_53,0
2022_04_12_20_51_55,0
2022_04_12_20_53_56,0
2022_04_12_20_55_56,0
2022_04_12_20_57_57,0
2022_04_12_21_01_59,0
2022_04_12_21_03_59,0
2022_04_12_21_06_00,0
2022_04_12_21_08_01,0
2022_04_12_21_10_02,0
2022_04_12_21_12_02,0
2022_04_12_21_18_05,0
2022_04_12_21_20_05,0
2022_04_12_21_22_06,0
2022_04_12_21_26_07,0
2022_04_12_21_30_09,0
2022_04_12_21_32_10,0
2022_04_12_21_34_11,0
2022_04_12_21_36_11,0
2022_04_12_21_38_12,0
2022_04_12_21_42_14,0
2022_04_12_21_44_14,0
2022_04_12_21_46_15,0
2022_04_12_21_48_16,0
2022_04_12_21_50_17,0
2022_04_12_21_52_17,0
2022_04_12_21_54_18,0
2022_04_12_21_56_19,0
2022_04_12_21_58_20,0
2022_04_12_22_00_20,0
2022_04_12_22_02_21,1
2022_04_12_22_06_23,0
2022_04_12_22_08_23,0
2022_04_12_22_14_26,0
2022_04_12_22_16_27,1
2022_04_12_22_18_27,0
2022_04_12_22_20_28,1
2022_04_12_22_22_29,0
2022_04_12_22_24_30,0
2022_04_12_22_26_30,0
2022_04_12_22_28_31,0
2022_04_12_22_30_32,0
2022_04_12_22_34_33,1
2022_04_12_22_36_34,0
2022_04_12_22_40_36,1
2022_04_12_22_42_36,0
2022_04_12_22_44_37,0
2022_04_12_22_46_38,0
2022_04_12_22_50_40,0
2022_04_12_22_52_40,0
2022_04_12_22_54_41,0
2022_04_12_22_56_42,0
2022_04_12_22_58_43,0
2022_04_12_23_00_43,0
2022_04_12_23_06_46,0
2022_04_12_23_10_47,0
2022_04_12_23_12_48,0
2022_04_12_23_14_49,1
2022_04_12_23_16_50,0
2022_04_12_23_20_51,0
2022_04_12_23_22_52,0
2022_04_12_23_26_53,0
2022_04_12_23_28_54,0
2022_04_12_23_30_55,0
2022_04_12_23_36_57,0
2022_04_12_23_38_58,0
2022_04_12_23_45_00,0
2022_04_12_23_47_01,0
2022_04_12_23_49_02,0
2022_04_12_23_51_02,0
2022_04_12_23_53_03,0
2022_04_12_23_55_04,0
2022_04_13_00_05_07,0
2022_04_13_00_07_08,0
2022_04_13_00_09_09,1
2022_04_13_00_11_10,0
2022_04_13_00_13_10,0
2022_04_13_00_15_11,0
2022_04_13_00_17_12,1
2022_04_13_00_19_13,1
2022_04_13_00_21_13,1
2022_04_13_00_23_14,0
2022_04_13_00_25_15,0
2022_04_13_00_31_17,0
2022_04_13_00_33_18,0
2022_04_13_00_35_19,0
2022_04_13_00_37_19,0
2022_04_13_00_39_20,0
2022_04_13_00_41_21,1
2022_04_13_00_47_23,0
2022_04_13_00_51_25,0
2022_04_13_00_55_26,0
2022_04_13_00_57_27,1
2022_04_13_00_59_28,0
2022_04_13_01_01_29,0
2022_04_13_01_03_29,0
2022_04_13_01_05_30,0
2022_04_13_01_11_32,0
2022_04_13_01_13_33,0
2022_04_13_01_15_34,1
2022_04_13_01_19_35,0
2022_04_13_01_21_36,0
2022_04_13_01_23_37,0
2022_04_13_01_25_37,0
2022_04_13_01_29_39,0
2022_04_13_01_31_39,0
2022_04_13_01_33_40,0
2022_04_13_01_35_41,1
2022_04_13_01_37_42,0
2022_04_13_01_39_42,0
2022_04_13_01_41_43,0
2022_04_13_01_43_44,0
2022_04_13_01_47_45,3
2022_04_13_01_49_46,0
2022_04_13_01_51_47,0
2022_04_13_01_53_47,1
2022_04_13_01_55_48,1
2022_04_13_01_57_49,2
2022_04_13_01_59_50,0
2022_04_13_02_01_50,0
2022_04_13_02_07_53,1
2022_04_13_02_11_54,0
2022_04_13_02_13_55,0
2022_04_13_02_15_56,1
2022_04_13_02_19_58,0
2022_04_13_02_21_58,0
2022_04_13_02_23_59,1
2022_04_13_02_26_00,0
2022_04_13_02_30_02,0
2022_04_13_02_32_02,0
2022_04_13_02_34_03,0
2022_04_13_02_36_04,0
2022_04_13_02_38_05,1
2022_04_13_02_40_05,0
2022_04_13_02_46_08,1
2022_04_13_02_48_08,1
2022_04_13_02_50_09,0
2022_04_13_02_52_10,0
2022_04_13_02_56_11,0
2022_04_13_03_00_13,1
2022_04_13_03_08_16,0
2022_04_13_03_10_16,1
2022_04_13_03_18_19,2
2022_04_13_03_22_21,0
2022_04_13_03_26_22,0
2022_04_13_03_28_23,0
2022_04_13_03_30_24,0
2022_04_13_03_34_25,0
2022_04_13_03_36_26,0
2022_04_13_03_38_27,1
2022_04_13_03_40_27,2
2022_04_13_03_44_29,0
2022_04_13_03_46_30,1
2022_04_13_03_48_31,1
2022_04_13_03_50_32,0
2022_04_13_03_52_32,0
2022_04_13_03_54_33,0
2022_04_13_03_58_35,0
2022_04_13_04_04_37,1
2022_04_13_04_06_38,0
2022_04_13_04_10_39,0
2022_04_13_04_12_40,2
2022_04_13_04_16_42,0
2022_04_13_04_18_43,0
2022_04_13_04_20_43,2
2022_04_13_04_22_44,0
2022_04_13_04_26_46,0
2022_04_13_04_28_46,0
2022_04_13_04_30_47,0
2022_04_13_04_32_48,1
2022_04_13_04_36_49,1
2022_04_13_04_38_50,0
2022_04_13_04_40_51,0
2022_04_13_04_44_53,1
2022_04_13_04_46_53,0
2022_04_13_04_48_54,0
2022_04_13_04_50_55,1
2022_04_13_04_52_56,0
2022_04_13_04_54_57,0
2022_04_13_04_56_57,0
2022_04_13_04_58_58,0
2022_04_13_05_00_59,2
2022_04_13_05_03_00,2
2022_04_13_05_07_01,1
2022_04_13_05_09_02,0
2022_04_13_05_11_03,0
2022_04_13_05_13_04,0
2022_04_13_05_15_04,2
2022_04_13_05_17_05,0
2022_04_13_05_19_06,2
2022_04_13_05_21_07,0
2022_04_13_05_23_07,0
2022_04_13_05_27_09,0
2022_04_13_05_29_10,0
2022_04_13_05_31_11,0
2022_04_13_05_33_11,2
2022_04_13_05_35_12,0
2022_04_13_05_37_13,0
2022_04_13_05_41_14,0
2022_04_13_05_43_15,0
2022_04_13_05_45_16,0
2022_04_13_05_49_17,1
2022_04_13_05_51_18,0
2022_04_13_05_53_19,0
2022_04_13_05_55_20,1
2022_04_13_06_01_22,0
2022_04_13_06_05_24,1
2022_04_13_06_09_25,0
2022_04_13_06_11_26,1
2022_04_13_06_15_28,0
2022_04_13_06_17_29,0
2022_04_13_06_19_29,0
2022_04_13_06_21_30,0
2022_04_13_06_23_31,1
2022_04_13_06_25_31,0
2022_04_13_06_29_33,0
2022_04_13_06_33_35,0
2022_04_13_06_35_35,3
2022_04_13_06_37_36,1
2022_04_13_06_41_38,0
2022_04_13_06_43_38,0
2022_04_13_06_45_39,0
2022_04_13_06_47_40,0
2022_04_13_06_49_41,1
2022_04_13_06_53_43,0
2022_04_13_06_57_44,0
2022_04_13_07_01_46,0
2022_04_13_07_05_47,0
2022_04_13_07_11_50,0
2022_04_13_07_15_51,1
2022_04_13_07_19_53,0
2022_04_13_07_21_53,0
2022_04_13_07_23_54,0
2022_04_13_07_27_56,0
2022_04_13_07_29_57,0
2022_04_13_07_31_57,1
2022_04_13_07_33_58,0
2022_04_13_07_38_00,1
2022_04_13_07_40_00,0
2022_04_13_07_44_02,2
2022_04_13_07_46_03,1
2022_04_13_07_50_04,0
2022_04_13_07_58_07,2
2022_04_13_08_02_09,0
2022_04_13_08_04_10,0
2022_04_13_08_06_11,0
2022_04_13_08_08_11,0
2022_04_13_08_10_12,0
2022_04_13_08_14_14,0
2022_04_13_08_20_16,0
2022_04_13_08_24_18,0
2022_04_13_08_26_19,0
2022_04_13_08_28_19,0
2022_04_13_08_30_20,0
2022_04_13_08_34_22,0
2022_04_13_08_36_23,0
2022_04_13_08_38_23,1
2022_04_13_08_40_24,0
2022_04_13_08_42_25,0
2022_04_13_08_44_26,0
2022_04_13_08_48_27,1
2022_04_13_08_50_28,0
2022_04_13_08_52_29,0
2022_04_13_08_58_31,0
2022_04_13_09_02_32,0
2022_04_13_09_06_34,0
2022_04_13_09_10_35,0
2022_04_13_09_12_36,0
2022_04_13_09_16_38,0
2022_04_13_09_18_39,0
2022_04_13_09_20_39,0
2022_04_13_09_24_41,0
2022_04_13_09_26_42,2
2022_04_13_09_28_43,0
2022_04_13_09_30_43,0
2022_04_13_09_32_44,0
2022_04_13_09_36_46,1
2022_04_13_09_38_46,0
2022_04_13_09_42_48,0
2022_04_13_09_44_49,0
2022_04_13_09_46_49,0
2022_04_13_09_48_50,1
2022_04_13_09_50_51,0
2022_04_13_09_52_52,0
2022_04_13_09_54_52,0
2022_04_13_09_56_53,0
2022_04_13_10_00_55,3
2022_04_13_10_06_57,1
2022_04_13_10_08_58,0
2022_04_13_10_10_59,0
2022_04_13_10_12_59,1
2022_04_13_10_15_00,0
2022_04_13_10_25_04,0
2022_04_13_10_27_04,1
2022_04_13_10_29_05,1
2022_04_13_10_31_07,1
2022_04_13_10_35_08,0
2022_04_13_10_37_09,0
2022_04_13_10_39_10,0
2022_04_13_10_41_10,1
2022_04_13_10_43_11,0
2022_04_13_10_45_12,2
2022_04_13_10_47_12,0
2022_04_13_10_49_13,0
2022_04_13_10_53_15,0
2022_04_13_10_57_16,1
2022_04_13_11_01_18,0
2022_04_13_11_03_18,1
2022_04_13_11_09_21,0
2022_04_13_11_11_21,0
2022_04_13_11_15_23,0
2022_04_13_11_17_24,1
2022_04_13_11_19_25,0
2022_04_13_11_21_26,1
2022_04_13_11_23_26,0
2022_04_13_11_27_28,0
2022_04_13_11_29_28,1
2022_04_13_11_31_29,0
2022_04_13_11_33_30,0
2022_04_13_11_35_31,0
2022_04_13_11_37_32,0
2022_04_13_11_39_32,0
2022_04_13_11_43_34,0
2022_04_13_11_45_35,0
2022_04_13_11_49_36,0
2022_04_13_11_51_37,0
2022_04_13_11_53_38,0
2022_04_13_11_57_39,0
2022_04_13_12_01_41,0
2022_04_13_12_03_42,0
2022_04_13_12_05_42,0
2022_04_13_12_07_43,0
2022_04_13_12_09_44,0
2022_04_13_12_11_44,0
2022_04_13_12_15_46,0
2022_04_13_12_23_49,0
2022_04_13_12_25_49,0
2022_04_13_12_29_51,1
2022_04_13_12_31_52,0
2022_04_13_12_35_53,0
2022_04_13_12_37_54,0
2022_04_13_12_39_55,0
2022_04_13_12_43_56,0
2022_04_13_12_45_57,0
2022_04_13_12_49_58,0
2022_04_13_12_51_59,0
2022_04_13_12_54_00,0
2022_04_13_12_56_01,0
2022_04_13_12_58_01,0
2022_04_13_13_06_05,1
2022_04_13_13_08_05,0
2022_04_13_13_10_06,0
2022_04_13_13_12_07,0
2022_04_13_13_14_08,0
2022_04_13_13_20_10,0
2022_04_13_13_24_11,0
2022_04_13_13_28_13,0
2022_04_13_13_30_14,0
2022_04_13_13_32_14,0
2022_04_13_13_34_15,0
2022_04_13_13_36_16,0
2022_04_13_13_40_17,0
2022_04_13_13_46_20,0
2022_04_13_13_48_20,0
2022_04_13_13_50_21,0
2022_04_13_13_52_22,0
2022_04_13_13_54_23,0
2022_04_13_13_56_23,0
2022_04_13_13_58_24,0
2022_04_13_14_02_26,0
2022_04_13_14_08_28,0
2022_04_13_14_10_29,0
2022_04_13_14_14_30,0
2022_04_13_14_16_31,0
2022_04_13_14_18_32,0
2022_04_13_14_20_33,0
2022_04_13_14_22_33,0
2022_04_13_14_24_34,0
2022_04_13_14_28_36,0
2022_04_13_14_30_36,0
2022_04_13_14_34_38,0
2022_04_13_14_36_39,0
2022_04_13_14_38_39,0
2022_04_13_14_44_41,0
2022_04_13_14_46_42,0
2022_04_13_14_52_44,0
2022_04_13_14_58_47,0
2022_04_13_15_00_47,0
2022_04_13_15_02_48,0
2022_04_13_15_06_49,0
2022_04_13_15_08_50,0
2022_04_13_15_14_53,0
2022_04_13_15_16_53,0
2022_04_13_15_24_56,0
2022_04_13_15_26_57,0
2022_04_13_15_30_59,0
2022_04_13_15_35_00,0
2022_04_13_15_37_01,0
2022_04_13_15_41_02,0
2022_04_13_15_43_03,0
2022_04_13_15_45_04,0
2022_04_13_15_47_05,0
2022_04_13_15_51_06,0
2022_04_13_15_53_07,0
2022_04_13_15_55_08,1
2022_04_13_15_57_09,0
2022_04_13_16_01_10,0
2022_04_13_16_03_11,0
2022_04_13_16_05_12,0
2022_04_13_16_07_12,0
2022_04_13_16_09_13,0
2022_04_13_16_11_14,0
2022_04_13_16_13_14,0
2022_04_13_16_15_15,0
2022_04_13_16_19_17,0
2022_04_13_16_21_17,0
2022_04_13_16_25_19,0
2022_04_13_16_27_20,0
2022_04_13_16_29_20,0
2022_04_13_16_31_21,0
2022_04_13_16_35_23,0
2022_04_13_16_39_24,0
2022_04_13_16_43_26,0
2022_04_13_16_45_26,0
2022_04_13_16_47_27,0
2022_04_13_16_53_30,1
2022_04_13_16_55_30,0
2022_04_13_16_59_32,0
2022_04_13_17_01_32,0
2022_04_13_17_03_33,0
2022_04_13_17_05_34,0
2022_04_13_17_09_35,0
2022_04_13_17_11_36,0
2022_04_13_17_17_38,0
2022_04_13_17_19_39,0
2022_04_13_17_21_40,0
2022_04_13_17_25_41,0
2022_04_13_17_27_42,0
2022_04_13_17_29_43,0
2022_04_13_17_33_44,0
2022_04_13_17_35_45,0
2022_04_13_17_39_47,0
2022_04_13_17_41_48,0
2022_04_13_17_43_49,0
2022_04_13_17_47_50,0
2022_04_13_17_51_51,0
2022_04_13_17_57_53,0
2022_04_13_18_01_55,0
2022_04_13_18_03_56,0
2022_04_13_18_05_56,0
2022_04_13_18_07_57,0
2022_04_13_18_09_58,0
2022_04_13_18_11_59,0
2022_04_13_18_13_59,0
2022_04_13_18_16_00,0
2022_04_13_18_20_01,1
2022_04_13_18_22_02,0
2022_04_13_18_24_03,0
2022_04_13_18_26_04,0
2022_04_13_18_28_04,0
2022_04_13_18_32_06,0
2022_04_13_18_34_06,0
2022_04_13_18_42_09,0
2022_04_13_18_46_11,0
2022_04_13_18_48_11,0
2022_04_13_18_50_12,0
2022_04_13_18_56_14,0
2022_04_13_19_00_16,0
2022_04_13_19_06_18,0
2022_04_13_19_10_20,0
2022_04_13_19_12_20,0
2022_04_13_19_16_22,0
2022_04_13_19_18_23,0
2022_04_13_19_20_24,0
2022_04_13_19_22_24,0
2022_04_13_19_24_25,0
2022_04_13_19_26_26,0
2022_04_13_19_30_27,0
2022_04_13_19_34_29,0
2022_04_13_19_36_30,0
2022_04_13_19_38_30,0
2022_04_13_19_40_31,0
2022_04_13_19_46_33,0
2022_04_13_19_48_34,0
2022_04_13_19_52_38,0
2022_04_13_19_56_40,0
2022_04_13_19_58_40,0
2022_04_13_20_00_41,0
2022_04_13_20_04_43,0
2022_04_13_20_06_43,0
2022_04_13_20_10_45,0
2022_04_13_20_12_45,0
2022_04_13_20_14_46,0
2022_04_13_20_16_47,0
2022_04_13_20_18_48,0
2022_04_13_20_22_49,0
2022_04_13_20_24_50,0
2022_04_13_20_26_51,0
2022_04_13_20_28_52,0
2022_04_13_20_30_52,0
2022_04_13_20_32_53,0
2022_04_13_20_36_54,0
2022_04_13_20_42_57,0
2022_04_13_20_46_58,0
2022_04_13_20_48_59,0
2022_04_13_20_53_00,0
2022_04_13_20_57_02,0
2022_04_13_20_59_02,0
2022_04_13_21_07_06,0
2022_04_13_21_09_06,0
2022_04_13_21_11_07,0
2022_04_13_21_13_08,0
2022_04_13_21_15_08,0
2022_04_13_21_21_11,0
2022_04_13_21_25_12,0
2022_04_13_21_27_13,0
2022_04_13_21_29_14,0
2022_04_13_21_31_14,0
2022_04_13_21_33_15,0
2022_04_13_21_35_16,0
2022_04_13_21_41_18,0
2022_04_13_21_43_18,0
2022_04_13_21_45_19,0
2022_04_13_21_49_20,0
2022_04_13_21_51_21,0
2022_04_13_21_53_22,0
2022_04_13_21_55_23,0
2022_04_13_21_57_23,0
2022_04_13_21_59_24,0
2022_04_13_22_01_25,0
2022_04_13_22_05_26,0
2022_04_13_22_07_27,0
2022_04_13_22_09_28,0
2022_04_13_22_11_28,0
2022_04_13_22_15_30,0
2022_04_13_22_17_31,0
2022_04_13_22_19_31,0
2022_04_13_22_23_33,0
2022_04_13_22_25_34,0
2022_04_13_22_27_34,0
2022_04_13_22_29_35,1
2022_04_13_22_31_36,0
2022_04_13_22_35_37,0
2022_04_13_22_37_38,0
2022_04_13_22_39_39,2
2022_04_13_22_41_39,0
2022_04_13_22_43_40,1
2022_04_13_22_45_41,0
2022_04_13_22_47_42,1
2022_04_13_22_51_43,0
2022_04_13_22_53_44,0
2022_04_13_22_55_45,0
2022_04_13_22_57_45,0
2022_04_13_22_59_46,0
2022_04_13_23_05_48,0
2022_04_13_23_07_49,0
2022_04_13_23_09_50,0
2022_04_13_23_11_50,1
2022_04_13_23_13_51,2
2022_04_13_23_15_52,1
2022_04_13_23_17_52,0
2022_04_13_23_19_53,0
2022_04_13_23_21_54,0
2022_04_13_23_29_56,0
2022_04_13_23_31_57,0
2022_04_13_23_35_59,0
2022_04_13_23_37_59,0
2022_04_13_23_40_00,0
2022_04_13_23_42_01,2
2022_04_13_23_44_02,1
2022_04_13_23_50_04,0
2022_04_13_23_52_05,1
2022_04_13_23_54_05,0
2022_04_13_23_58_07,0
2022_04_14_00_00_08,1
2022_04_14_00_02_08,0
2022_04_14_00_08_10,0
2022_04_14_00_10_11,0
2022_04_14_00_12_12,0
2022_04_14_00_14_13,0
2022_04_14_00_16_13,0
2022_04_14_00_18_14,0
2022_04_14_00_20_15,1
2022_04_14_00_26_17,0
2022_04_14_00_30_18,0
2022_04_14_00_36_21,2
2022_04_14_00_38_21,0
2022_04_14_00_40_22,0
2022_04_14_00_46_24,1
2022_04_14_00_48_25,0
2022_04_14_00_50_26,4
2022_04_14_00_52_27,2
2022_04_14_00_54_27,0
2022_04_14_00_56_28,0
2022_04_14_01_00_30,1
2022_04_14_01_02_30,0
2022_04_14_01_08_33,3
2022_04_14_01_10_33,2
2022_04_14_01_12_34,0
2022_04_14_01_14_35,0
2022_04_14_01_16_36,1
2022_04_14_01_20_37,0
2022_04_14_01_22_38,0
2022_04_14_01_26_39,2
2022_04_14_01_30_41,0
2022_04_14_01_34_42,0
2022_04_14_01_36_43,2
2022_04_14_01_42_45,1
2022_04_14_01_44_46,1
2022_04_14_01_46_47,2
2022_04_14_01_48_47,0
2022_04_14_01_50_48,1
2022_04_14_01_52_49,1
2022_04_14_01_54_50,0
2022_04_14_01_56_50,0
2022_04_14_02_02_53,2
2022_04_14_02_04_53,3
2022_04_14_02_06_54,0
2022_04_14_02_08_55,0
2022_04_14_02_10_56,0
2022_04_14_02_12_56,0
2022_04_14_02_14_57,2
2022_04_14_02_18_59,0
2022_04_14_02_25_01,0
2022_04_14_02_29_02,1
2022_04_14_02_31_03,0
2022_04_14_02_33_04,1
2022_04_14_02_37_05,0
2022_04_14_02_39_06,1
2022_04_14_02_43_08,2
2022_04_14_02_45_08,2
2022_04_14_02_47_09,1
2022_04_14_02_51_10,1
2022_04_14_02_53_11,0
2022_04_14_02_57_13,3
2022_04_14_03_01_14,0
2022_04_14_03_03_15,0
2022_04_14_03_05_16,0
2022_04_14_03_07_16,1
2022_04_14_03_11_18,0
2022_04_14_03_15_20,0
2022_04_14_03_19_21,0
2022_04_14_03_21_22,1
2022_04_14_03_25_23,1
2022_04_14_03_29_25,0
2022_04_14_03_37_27,1
2022_04_14_03_39_28,1
2022_04_14_03_43_30,0
2022_04_14_03_45_30,0
2022_04_14_03_53_33,2
2022_04_14_03_55_34,1
2022_04_14_03_57_35,0
2022_04_14_03_59_36,1
2022_04_14_04_03_37,0
2022_04_14_04_05_38,0
2022_04_14_04_07_39,1
2022_04_14_04_09_39,0
2022_04_14_04_11_40,0
2022_04_14_04_13_41,1
2022_04_14_04_15_42,2
2022_04_14_04_17_42,2
2022_04_14_04_19_43,1
2022_04_14_04_21_44,0
2022_04_14_04_25_45,0
2022_04_14_04_35_49,2
2022_04_14_04_37_49,2
2022_04_14_04_39_50,2
2022_04_14_04_41_51,2
2022_04_14_04_45_52,1
2022_04_14_04_51_54,0
2022_04_14_04_55_56,0
2022_04_14_04_57_57,1
2022_04_14_05_01_58,0
2022_04_14_05_03_59,0
2022_04_14_05_08_01,0
2022_04_14_05_10_02,0
2022_04_14_05_12_02,0
2022_04_14_05_14_03,0
2022_04_14_05_16_04,0
2022_04_14_05_20_05,0
2022_04_14_05_22_06,0
2022_04_14_05_26_07,0
2022_04_14_05_30_09,0
2022_04_14_05_32_10,1
2022_04_14_05_38_12,0
2022_04_14_05_40_12,0
2022_04_14_05_42_13,0
2022_04_14_05_46_15,0
2022_04_14_05_48_15,0
2022_04_14_05_54_17,0
2022_04_14_05_56_18,0
2022_04_14_05_58_19,1
2022_04_14_06_00_20,0
2022_04_14_06_08_23,0
2022_04_14_06_10_24,0
2022_04_14_06_12_24,0
2022_04_14_06_14_25,0
2022_04_14_06_16_26,2
2022_04_14_06_18_27,1
2022_04_14_06_22_28,1
2022_04_14_06_24_29,1
2022_04_14_06_26_30,0
2022_04_14_06_30_31,0
2022_04_14_06_32_32,0
2022_04_14_06_36_33,1
2022_04_14_06_40_35,0
2022_04_14_06_44_37,1
2022_04_14_06_46_38,0
2022_04_14_06_50_39,0
2022_04_14_06_52_40,0
2022_04_14_06_56_41,0
2022_04_14_06_58_42,0
2022_04_14_07_02_43,0
2022_04_14_07_04_44,0
2022_04_14_07_06_45,0
2022_04_14_07_08_46,0
2022_04_14_07_10_46,0
2022_04_14_07_14_48,1
2022_04_14_07_16_49,1
2022_04_14_07_22_51,0
2022_04_14_07_26_53,0
2022_04_14_07_28_53,1
2022_04_14_07_30_54,0
2022_04_14_07_32_55,0
2022_04_14_07_38_57,0
2022_04_14_07_42_59,1
2022_04_14_07_47_00,0
2022_04_14_07_49_01,0
2022_04_14_07_51_01,0
2022_04_14_07_55_03,0
2022_04_14_07_57_04,0
2022_04_14_08_01_05,0
2022_04_14_08_03_06,1
2022_04_14_08_05_07,0
2022_04_14_08_09_08,0
2022_04_14_08_15_11,0
2022_04_14_08_17_11,0
2022_04_14_08_19_12,0
2022_04_14_08_21_13,0
2022_04_14_08_23_13,0
2022_04_14_08_27_15,0
2022_04_14_08_33_17,1
2022_04_14_08_35_18,1
2022_04_14_08_41_20,0
2022_04_14_08_43_21,1
2022_04_14_08_47_23,1
2022_04_14_08_49_23,0
2022_04_14_08_51_24,0
2022_04_14_08_53_25,1
2022_04_14_08_55_26,1
2022_04_14_08_57_26,1
2022_04_14_08_59_27,1
2022_04_14_09_01_28,0
2022_04_14_09_05_29,0
2022_04_14_09_07_30,0
2022_04_14_09_11_31,0
2022_04_14_09_15_33,0
2022_04_14_09_17_34,0
2022_04_14_09_19_34,2
2022_04_14_09_21_35,1
2022_04_14_09_23_36,1
2022_04_14_09_25_37,0
2022_04_14_09_27_37,1
2022_04_14_09_29_38,1
2022_04_14_09_31_39,0
2022_04_14_09_33_40,0
2022_04_14_09_35_41,0
2022_04_14_09_37_41,2
2022_04_14_09_39_42,0
2022_04_14_09_45_45,0
2022_04_14_09_47_45,0
2022_04_14_09_49_46,0
2022_04_14_09_51_47,0
2022_04_14_09_55_49,0
2022_04_14_09_57_50,0
2022_04_14_10_01_52,0
2022_04_14_10_07_55,0
2022_04_14_10_13_58,0
2022_04_14_10_15_59,0
2022_04_14_10_20_01,0
2022_04_14_10_22_01,0
2022_04_14_10_24_02,0
2022_04_14_10_26_04,0
2022_04_14_10_32_07,0
2022_04_14_10_38_10,1
2022_04_14_10_40_11,1
2022_04_14_10_42_12,0
2022_04_14_10_46_14,0
2022_04_14_10_50_16,0
2022_04_14_10_52_18,2
2022_04_14_10_54_19,1
2022_04_14_11_00_22,1
2022_04_14_11_04_24,0
2022_04_14_11_06_25,0
2022_04_14_11_12_28,0
2022_04_14_11_16_31,0
2022_04_14_11_18_31,1
2022_04_14_11_22_34,0
2022_04_14_11_26_36,1
2022_04_14_11_28_38,0
2022_04_14_11_34_41,0
2022_04_14_11_40_45,1
2022_04_14_11_46_49,0
2022_04_14_11_50_51,0
2022_04_14_11_52_52,0
2022_04_14_11_54_53,0
2022_04_14_12_00_56,0
2022_04_14_12_02_57,0
2022_04_14_12_06_59,0
2022_04_14_12_09_00,1
2022_04_14_12_11_02,0
2022_04_14_12_13_03,0
2022_04_14_12_17_05,2
2022_04_14_12_19_06,1
2022_04_14_12_21_07,0
2022_04_14_12_23_08,0
2022_04_14_12_31_12,0
2022_04_14_12_33_14,0
2022_04_14_12_37_16,0
2022_04_14_12_39_17,0
2022_04_14_12_41_18,0
2022_04_14_12_43_19,1
2022_04_14_12_45_20,1
2022_04_14_12_47_21,0
2022_04_14_12_51_23,0
2022_04_14_12_53_24,0
2022_04_14_13_01_28,0
2022_04_14_13_03_29,1
2022_04_14_13_05_30,0
2022_04_14_13_07_31,0
2022_04_14_13_09_32,0
2022_04_14_13_11_33,0
2022_04_14_13_13_34,0
2022_04_14_13_15_35,0
2022_04_14_13_17_35,1
2022_04_14_13_21_37,0
2022_04_14_13_23_38,0
2022_04_14_13_25_39,1
2022_04_14_13_27_40,0
2022_04_14_13_31_42,0
2022_04_14_13_33_43,0
2022_04_14_13_35_45,0
2022_04_14_13_37_46,0
2022_04_14_13_39_47,0
2022_04_14_13_41_49,0
2022_04_14_13_43_49,0
2022_04_14_13_45_50,0
2022_04_14_13_47_51,0
2022_04_14_13_51_53,0
2022_04_14_13_53_55,0
2022_04_14_13_57_57,0
2022_04_14_13_59_58,0
2022_04_14_14_04_01,1
2022_04_14_14_06_02,1
2022_04_14_14_10_09,0
2022_04_14_14_12_10,0
2022_04_14_14_16_13,0
2022_04_14_14_18_14,0
2022_04_14_14_22_16,0
2022_04_14_14_24_16,0
2022_04_14_14_26_17,0
2022_04_14_14_28_18,0
2022_04_14_14_30_19,1
2022_04_14_14_32_20,0
2022_04_14_14_34_21,0
2022_04_14_14_36_22,0
2022_04_14_14_38_23,0
2022_04_14_14_40_24,0
2022_04_14_14_42_25,0
2022_04_14_14_46_27,0
2022_04_14_14_50_30,0
2022_04_14_14_54_32,0
2022_04_14_14_56_33,0
2022_04_14_15_00_36,0
2022_04_14_15_04_38,0
2022_04_14_15_06_39,0
2022_04_14_15_10_42,0
2022_04_14_15_12_43,0
2022_04_14_15_16_46,0
2022_04_14_15_18_47,0
2022_04_14_15_20_49,1
2022_04_14_15_24_51,0
2022_04_14_15_26_52,0
2022_04_14_15_28_53,0
2022_04_14_15_34_57,0
2022_04_14_15_36_59,0
2022_04_14_15_38_59,0
2022_04_14_15_41_00,0
2022_04_14_15_43_02,0
2022_04_14_15_51_07,0
2022_04_14_15_53_08,0
2022_04_14_15_55_08,0
2022_04_14_15_57_09,1
2022_04_14_16_03_13,0
2022_04_14_16_05_14,1
2022_04_14_16_07_15,0
2022_04_14_16_09_16,0
2022_04_14_16_11_17,0
2022_04_14_16_15_20,0
2022_04_14_16_21_24,0
2022_04_14_16_25_26,0
2022_04_14_16_31_30,0
2022_04_14_16_35_32,0
2022_04_14_16_41_34,0
2022_04_14_16_43_35,0
2022_04_14_16_45_37,0
2022_04_14_16_47_38,0
2022_04_14_16_51_40,1
2022_04_14_16_53_41,0
2022_04_14_16_55_42,0
2022_04_14_16_57_43,0
2022_04_14_16_59_44,0
2022_04_14_17_03_46,0
2022_04_14_17_09_49,0
2022_04_14_17_11_51,0
2022_04_14_17_17_54,0
2022_04_14_17_19_56,0
2022_04_14_17_21_56,0
2022_04_14_17_23_57,0
2022_04_14_17_25_59,0
2022_04_14_17_28_00,0
2022_04_14_17_30_02,1
2022_04_14_17_34_04,0
2022_04_14_17_40_07,0
2022_04_14_17_42_08,0
2022_04_14_17_44_09,0
2022_04_14_17_46_10,0
2022_04_14_17_48_11,0
2022_04_14_17_50_12,0
2022_04_14_17_52_13,0
2022_04_14_17_56_16,0
2022_04_14_18_02_19,0
2022_04_14_18_04_19,0
2022_04_14_18_06_21,0
2022_04_14_18_08_21,0
2022_04_14_18_12_23,0
2022_04_14_18_14_24,0
2022_04_14_18_16_25,0
2022_04_14_18_18_26,0
2022_04_14_18_20_27,0
2022_04_14_18_26_31,0
2022_04_14_18_30_33,0
2022_04_14_18_32_34,0
2022_04_14_18_34_36,0
2022_04_14_18_38_38,0
2022_04_14_18_40_40,0
2022_04_14_18_44_41,0
2022_04_14_18_46_43,0
2022_04_14_18_50_45,0
2022_04_14_18_54_47,0
2022_04_14_18_58_49,0
2022_04_14_19_02_51,0
2022_04_14_19_04_53,0
2022_04_14_19_08_54,0
2022_04_14_19_10_55,0
2022_04_14_19_12_57,0
2022_04_14_19_19_00,0
2022_04_14_19_21_02,0
2022_04_14_19_25_05,0
2022_04_14_19_27_06,0
2022_04_14_19_29_07,0
2022_04_14_19_31_09,2
2022_04_14_19_33_10,0
2022_04_14_19_37_12,0
2022_04_14_19_39_13,0
2022_04_14_19_41_15,0
2022_04_14_19_43_16,0
2022_04_14_19_45_17,0
2022_04_14_19_49_20,0
2022_04_14_19_55_23,0
2022_04_14_19_57_24,0
2022_04_14_20_01_26,0
2022_04_14_20_05_28,0
2022_04_14_20_09_30,0
2022_04_14_20_11_31,0
2022_04_14_20_15_33,0
2022_04_14_20_17_35,0
2022_04_14_20_21_37,0
2022_04_14_20_23_38,0
2022_04_14_20_25_39,0
2022_04_14_20_27_40,0
2022_04_14_20_35_45,0
2022_04_14_20_41_50,0
2022_04_14_20_45_52,0
2022_04_14_20_47_53,0
2022_04_14_20_49_54,0
2022_04_14_20_51_56,0
2022_04_14_20_53_57,0
2022_04_14_20_55_58,0
2022_04_14_20_57_59,0
2022_04_14_21_02_00,0
2022_04_14_21_06_03,0
2022_04_14_21_10_05,0
2022_04_14_21_14_07,0
2022_04_14_21_16_08,0
2022_04_14_21_18_09,0
2022_04_14_21_20_10,0
2022_04_14_21_22_11,0
2022_04_14_21_26_14,0
2022_04_14_21_30_16,0
2022_04_14_21_32_17,0
2022_04_14_21_34_19,0
2022_04_14_21_36_20,0
2022_04_14_21_44_25,0
2022_04_14_21_46_25,0
2022_04_14_21_50_27,0
2022_04_14_21_54_30,0
2022_04_14_21_56_31,0
2022_04_14_22_00_34,1
2022_04_14_22_04_36,1
2022_04_14_22_06_38,0
2022_04_14_22_10_40,0
2022_04_14_22_14_43,0
2022_04_14_22_18_45,1
2022_04_14_22_20_46,0
2022_04_14_22_24_48,0
2022_04_14_22_26_49,1
2022_04_14_22_30_52,0
2022_04_14_22_32_53,0
2022_04_14_22_40_58,0
2022_04_14_22_42_59,0
2022_04_14_22_45_00,0
2022_04_14_22_47_02,0
2022_04_14_22_51_04,0
2022_04_14_22_55_06,0
2022_04_14_22_57_07,0
2022_04_14_22_59_08,0
2022_04_14_23_01_10,0
2022_04_14_23_05_12,0
2022_04_14_23_07_12,0
2022_04_14_23_11_15,0
2022_04_14_23_17_19,0
2022_04_14_23_19_20,0
2022_04_14_23_21_21,0
2022_04_14_23_25_23,0
2022_04_14_23_29_26,0
2022_04_14_23_31_27,0
2022_04_14_23_33_29,0
2022_04_14_23_35_30,1
2022_04_14_23_39_33,0
2022_04_14_23_41_34,0
2022_04_14_23_43_35,0
2022_04_14_23_47_38,0
2022_04_14_23_51_40,0
2022_04_14_23_53_41,0
2022_04_14_23_55_42,0
2022_04_14_23_57_43,0
2022_04_14_23_59_45,1
2022_04_15_00_05_48,0
2022_04_15_00_11_51,0
2022_04_15_00_13_52,0
2022_04_15_00_15_53,0
2022_04_15_00_17_54,1
2022_04_15_00_19_55,0
2022_04_15_00_23_57,0
2022_04_15_00_25_58,0
2022_04_15_00_30_01,0
2022_04_15_00_32_02,0
2022_04_15_00_34_03,0
2022_04_15_00_36_05,0
2022_04_15_00_38_06,0
2022_04_15_00_40_07,0
2022_04_15_00_42_09,0
2022_04_15_00_46_11,0
2022_04_15_00_50_14,0
2022_04_15_00_52_15,0
2022_04_15_00_54_16,0
2022_04_15_00_56_17,0
2022_04_15_01_00_19,1
2022_04_15_01_02_20,0
2022_04_15_01_06_21,0
2022_04_15_01_10_23,0
2022_04_15_01_14_26,0
2022_04_15_01_16_27,0
2022_04_15_01_18_28,0
2022_04_15_01_20_29,1
2022_04_15_01_22_31,0
2022_04_15_01_24_32,0
2022_04_15_01_30_35,0
2022_04_15_01_34_37,1
2022_04_15_01_36_39,0
2022_04_15_01_40_41,0
2022_04_15_01_46_45,0
2022_04_15_01_48_46,0
2022_04_15_01_52_47,0
2022_04_15_01_54_49,1
2022_04_15_01_58_51,0
2022_04_15_02_02_53,0
2022_04_15_02_06_55,0
2022_04_15_02_08_56,0
2022_04_15_02_10_57,0
2022_04_15_02_12_57,0
2022_04_15_02_14_58,0
2022_04_15_02_16_59,0
2022_04_15_02_21_02,0
2022_04_15_02_25_03,0
2022_04_15_02_27_05,0
2022_04_15_02_31_07,0
2022_04_15_02_35_09,0
2022_04_15_02_37_10,0
2022_04_15_02_39_11,1
2022_04_15_02_41_12,0
2022_04_15_02_43_13,0
2022_04_15_02_45_14,0
2022_04_15_02_47_15,2
2022_04_15_02_49_16,0
2022_04_15_02_51_17,1
2022_04_15_02_53_18,0
2022_04_15_02_55_19,0
2022_04_15_02_57_20,0
2022_04_15_03_01_22,1
2022_04_15_03_03_23,0
2022_04_15_03_07_25,1
2022_04_15_03_11_27,0
2022_04_15_03_15_30,0
2022_04_15_03_17_31,1
2022_04_15_03_19_31,0
2022_04_15_03_21_33,0
2022_04_15_03_25_35,0
2022_04_15_03_27_36,0
2022_04_15_03_29_37,0
2022_04_15_03_31_38,1
2022_04_15_03_35_41,1
2022_04_15_03_39_42,1
2022_04_15_03_41_43,0
2022_04_15_03_45_45,1
2022_04_15_03_49_48,0
2022_04_15_03_53_49,0
2022_04_15_03_55_50,1
2022_04_15_03_57_51,0
2022_04_15_03_59_51,0
2022_04_15_04_01_52,1
2022_04_15_04_03_53,0
2022_04_15_04_05_54,0
2022_04_15_04_07_54,0
2022_04_15_04_11_56,1
2022_04_15_04_13_57,0
2022_04_15_04_15_57,0
2022_04_15_04_17_58,0
2022_04_15_04_22_00,0
2022_04_15_04_28_02,0
2022_04_15_04_30_03,0
2022_04_15_04_32_03,0
2022_04_15_04_34_04,0
2022_04_15_04_36_05,0
2022_04_15_04_38_06,0
2022_04_15_04_40_06,0
2022_04_15_04_42_07,0
2022_04_15_04_44_08,0
2022_04_15_04_46_08,0
2022_04_15_04_48_09,0
2022_04_15_04_52_11,0
2022_04_15_04_54_11,0
2022_04_15_04_56_12,0
2022_04_15_04_58_13,0
2022_04_15_05_06_16,0
2022_04_15_05_10_17,0
2022_04_15_05_12_18,2
2022_04_15_05_16_20,1
2022_04_15_05_18_21,0
2022_04_15_05_20_21,0
2022_04_15_05_26_24,1
2022_04_15_05_28_24,0
2022_04_15_05_32_26,0
2022_04_15_05_36_27,0
2022_04_15_05_38_28,0
2022_04_15_05_40_29,0
2022_04_15_05_42_30,0
2022_04_15_05_48_32,1
2022_04_15_05_50_33,2
2022_04_15_05_52_33,1
2022_04_15_05_56_35,0
2022_04_15_06_02_37,0
2022_04_15_06_04_38,1
2022_04_15_06_06_39,0
2022_04_15_06_10_40,0
2022_04_15_06_12_41,0
2022_04_15_06_16_42,0
2022_04_15_06_18_43,1
2022_04_15_06_20_44,0
2022_04_15_06_26_46,0
2022_04_15_06_30_47,0
2022_04_15_06_34_49,0
2022_04_15_06_36_49,0
2022_04_15_06_38_50,0
2022_04_15_06_40_51,0
2022_04_15_06_42_52,1
2022_04_15_06_46_53,0
2022_04_15_06_50_55,0
2022_04_15_06_54_56,0
2022_04_15_06_56_57,0
2022_04_15_07_00_58,0
2022_04_15_07_02_59,0
2022_04_15_07_05_00,0
2022_04_15_07_07_01,1
2022_04_15_07_11_02,0
2022_04_15_07_13_03,1
2022_04_15_07_17_04,3
2022_04_15_07_19_05,1
2022_04_15_07_21_06,0
2022_04_15_07_23_07,0
2022_04_15_07_25_07,0
2022_04_15_07_31_10,0
2022_04_15_07_33_10,0
2022_04_15_07_35_11,0
2022_04_15_07_37_12,0
2022_04_15_07_39_12,0
2022_04_15_07_41_13,0
2022_04_15_07_45_15,0
2022_04_15_07_49_17,1
2022_04_15_07_51_17,0
2022_04_15_07_55_19,0
2022_04_15_07_57_20,0
2022_04_15_08_01_21,0
2022_04_15_08_03_22,0
2022_04_15_08_07_24,0
2022_04_15_08_09_24,0
2022_04_15_08_13_26,0
2022_04_15_08_15_27,0
2022_04_15_08_17_28,0
2022_04_15_08_21_29,0
2022_04_15_08_25_30,0
2022_04_15_08_29_32,1
2022_04_15_08_31_33,0
2022_04_15_08_35_34,0
2022_04_15_08_41_37,0
2022_04_15_08_49_39,1
2022_04_15_08_51_40,0
2022_04_15_08_55_42,0
2022_04_15_08_57_42,1
2022_04_15_08_59_43,0
2022_04_15_09_01_44,0
2022_04_15_09_03_45,0
2022_04_15_09_05_45,1
2022_04_15_09_07_46,1
2022_04_15_09_13_49,0
2022_04_15_09_15_49,0
2022_04_15_09_17_50,0
2022_04_15_09_19_51,1
2022_04_15_09_23_52,0
2022_04_15_09_25_53,0
2022_04_15_09_29_54,0
2022_04_15_09_31_55,0
2022_04_15_09_33_56,0
2022_04_15_09_37_57,0
2022_04_15_09_39_58,0
2022_04_15_09_41_59,0
2022_04_15_09_43_59,0
2022_04_15_09_50_01,0
2022_04_15_09_52_02,0
2022_04_15_09_54_03,0
2022_04_15_09_56_04,0
2022_04_15_10_00_05,0
2022_04_15_10_02_06,0
2022_04_15_10_04_07,0
2022_04_15_10_06_07,0
2022_04_15_10_10_09,0
2022_04_15_10_16_11,0
2022_04_15_10_18_12,0
2022_04_15_10_20_13,1
2022_04_15_10_22_14,0
2022_04_15_10_24_14,0
2022_04_15_10_28_16,0
2022_04_15_10_30_17,0
2022_04_15_10_32_17,0
2022_04_15_10_36_19,0
2022_04_15_10_40_20,0
2022_04_15_10_48_23,0
2022_04_15_10_50_24,0
2022_04_15_10_56_26,1
2022_04_15_11_00_28,0
2022_04_15_11_02_28,0
2022_04_15_11_04_29,0
2022_04_15_11_06_30,3
2022_04_15_11_10_32,0
2022_04_15_11_16_34,0
2022_04_15_11_20_35,0
2022_04_15_11_24_37,0
2022_04_15_11_26_38,0
2022_04_15_11_28_38,0
2022_04_15_11_32_40,0
2022_04_15_11_34_41,0
2022_04_15_11_36_41,0
2022_04_15_11_38_42,2
2022_04_15_11_44_45,0
2022_04_15_11_46_46,0
2022_04_15_11_48_47,0
2022_04_15_11_50_47,0
2022_04_15_11_52_48,0
2022_04_15_11_54_49,0
2022_04_15_11_58_51,0
2022_04_15_12_00_51,0
2022_04_15_12_02_53,0
2022_04_15_12_06_55,0
2022_04_15_12_08_56,0
2022_04_15_12_10_57,0
2022_04_15_12_12_58,1
2022_04_15_12_14_59,0
2022_04_15_12_17_00,0
2022_04_15_12_21_02,0
2022_04_15_12_23_03,0
2022_04_15_12_27_04,0
2022_04_15_12_29_05,0
2022_04_15_12_31_06,0
2022_04_15_12_33_07,0
2022_04_15_12_35_07,0
2022_04_15_12_37_08,0
2022_04_15_12_39_09,0
2022_04_15_12_43_11,1
2022_04_15_12_45_12,1
2022_04_15_12_47_13,0
2022_04_15_12_49_13,0
2022_04_15_12_53_15,0
2022_04_15_12_55_15,0
2022_04_15_12_57_16,0
2022_04_15_12_59_18,0
2022_04_15_13_03_20,0
2022_04_15_13_07_22,1
2022_04_15_13_09_23,0
2022_04_15_13_15_26,0
2022_04_15_13_17_27,0
2022_04_15_13_21_29,0
2022_04_15_13_23_30,0
2022_04_15_13_25_31,0
2022_04_15_13_27_32,0
2022_04_15_13_31_34,0
2022_04_15_13_33_35,0
2022_04_15_13_39_38,0
2022_04_15_13_41_38,0
2022_04_15_13_47_42,1
2022_04_15_13_51_43,0
2022_04_15_13_53_44,0
2022_04_15_13_55_46,0
2022_04_15_13_57_47,0
2022_04_15_13_59_48,0
2022_04_15_14_01_49,0
2022_04_15_14_03_50,0
2022_04_15_14_05_51,0
2022_04_15_14_07_52,0
2022_04_15_14_09_53,0
2022_04_15_14_11_54,1
2022_04_15_14_13_55,1
2022_04_15_14_15_56,0
